{"cameraMode":{"drawMode":0,"name":"Shaded","section":"Shading Mode"},"sceneLighting":false,"audioPlay":false,"sceneViewState":{"showFog":false,"showMaterialUpdate":false,"showSkybox":false,"showFlares":false,"showImageEffects":false,"showParticleSystems":false},"in2DMode":false,"pivot":{"x":-0.12029102444648743,"y":0.2863385081291199,"z":0.2313004732131958},"rotation":{"x":0.26774463057518008,"y":-0.13672441244125367,"z":0.03841394931077957,"w":0.9529661536216736},"size":0.8660253882408142,"orthographic":false}