{"cameraMode":{"drawMode":0,"name":"Shaded","section":"Shading Mode"},"sceneLighting":true,"audioPlay":false,"sceneViewState":{"showFog":true,"showMaterialUpdate":true,"showSkybox":false,"showFlares":true,"showImageEffects":true,"showParticleSystems":true},"in2DMode":false,"pivot":{"x":-13.456207275390625,"y":26.412578582763673,"z":-9.536420822143555},"rotation":{"x":-0.03690682724118233,"y":-0.952786922454834,"z":0.2723263204097748,"w":-0.1291261911392212},"size":4.219564437866211,"orthographic":false}