{"cameraMode":{"drawMode":0,"name":"Shaded","section":"Shading Mode"},"sceneLighting":true,"audioPlay":false,"sceneViewState":{"showFog":true,"showMaterialUpdate":true,"showSkybox":true,"showFlares":true,"showImageEffects":true,"showParticleSystems":true},"in2DMode":false,"pivot":{"x":0.06745719909667969,"y":3.281564950942993,"z":4.595660209655762},"rotation":{"x":0.010206767357885838,"y":-0.9886146783828735,"z":0.12763835489749909,"w":0.07905572652816773},"size":6.686744689941406,"orthographic":false}