{"cameraMode":{"drawMode":0,"name":"Shaded","section":"Shading Mode"},"sceneLighting":false,"audioPlay":false,"sceneViewState":{"showFog":false,"showMaterialUpdate":false,"showSkybox":false,"showFlares":false,"showImageEffects":false,"showParticleSystems":false},"in2DMode":false,"pivot":{"x":-14.770000457763672,"y":1.3378105163574219,"z":-0.22248554229736329},"rotation":{"x":0.017029570415616037,"y":0.9475372433662415,"z":-0.31505581736564639,"w":0.05121680721640587},"size":0.8660253882408142,"orthographic":false}