{"cameraMode":{"drawMode":0,"name":"Shaded","section":"Shading Mode"},"sceneLighting":true,"audioPlay":false,"sceneViewState":{"showFog":true,"showMaterialUpdate":true,"showSkybox":true,"showFlares":true,"showImageEffects":true,"showParticleSystems":true},"in2DMode":false,"pivot":{"x":-3.808655261993408,"y":-1.6679320335388184,"z":-1.6690444946289063},"rotation":{"x":0.057818591594696048,"y":-0.9125865697860718,"z":0.13876225054264069,"w":0.38024991750717165},"size":7.748452663421631,"orthographic":false}