{"cameraMode":{"drawMode":0,"name":"Shaded","section":"Shading Mode"},"sceneLighting":true,"audioPlay":false,"sceneViewState":{"showFog":false,"showMaterialUpdate":false,"showSkybox":false,"showFlares":false,"showImageEffects":false,"showParticleSystems":false},"in2DMode":false,"pivot":{"x":-2.9099998474121095,"y":21.110000610351564,"z":-3.200000286102295},"rotation":{"x":-0.14360414445400239,"y":-0.8509203195571899,"z":0.40570032596588137,"w":-0.3011973202228546},"size":30.310888290405275,"orthographic":false}